address,built_area,city,code,date,for_rent,for_sale,latitude,longitude,neighborhood,properties,property_type,proposals,real_estate,rent_price,rooms,sale_price,total_area,url
,,Campinas/SP,CA002344,2019-11-18,true,false,-22.90669,-47.05191,Centro,Sala de TV|banheiro social|quarto|Cozinha Planejada|zinha|piso frio,casa,,pradogoncalves,1700,1,,,https://pradogoncalves.com.br/imovel/CA002344
"Rua Coronel Serafim Migueis, 152",170.0,Campinas/SP,CA006478,2019-11-18,true,false,,,Jardim Eulina,Armários|Cozinha Planejada|Lavanderia|Sala de TV|Sala de Jantar|copa|Quintal|Edícula,casa,0,deluccaimoveis,1700,3,,300.0,https://deluccaimoveis.com.br/imovel/CA006478
"Rua Antonietta Tomiatto Andery, 158",70.0,Campinas/SP,CA018737,2019-11-18,true,false,-22.89151,-46.9766,Sousas,Armário na cozinha|Armário no dormitório|Cozinha Americana|Energia|Esgoto|Living Room|Piso Frio|Água|mobiliada,casa,0,deluccaimoveis,1430,2,,70.0,https://deluccaimoveis.com.br/imovel/CA018737
"Rua Lírio do Amazonas, 395",75.0,Campinas/SP,CA081708,2019-11-18,true,false,-22.79073,-47.09729,Loteamento Solar Campinas,Sala de Estar|Sala de TV|Despensa|Quintal|Piscina|Churrasqueira,casa,0,deluccaimoveis,1300,2,,75.0,https://deluccaimoveis.com.br/imovel/CA081708
"Rua Cândido Portinari, 511",,Campinas/SP,CA005124,2019-11-18,true,false,-22.87207,-47.03598,Vila Nogueira,Quintal|Sala de Jantar,casa,0,deluccaimoveis,1300,1,,,https://deluccaimoveis.com.br/imovel/CA005124
"Rua dos Auetés, 285",125.42,Campinas/SP,CA006540,2019-11-18,true,false,-22.85485,-47.07033,Vila Costa e Silva,,casa,0,deluccaimoveis,1300,2,,200.0,https://deluccaimoveis.com.br/imovel/CA006540
,,Campinas/SP,CA003972,2019-11-18,true,false,-22.94703,-47.09966,Jardim Novo Campos Elíseos,Armários|Cozinha Americana|Lavanderia|Sala de Estar|portão eletrônico|1 dormitório com armário|entrada compartilhada,casa,,mhtimoveis,670,1,,40.0,https://mhtimoveis.com.br/imovel/CA003972
,50.0,Campinas/SP,CA000994,2019-11-18,true,false,-22.91708,-47.05138,Ponte Preta,Sala de Estar,casa,,mhtimoveis,800,1,,80.0,https://mhtimoveis.com.br/imovel/CA000994
,70.0,Campinas/SP,CA003656,2019-11-18,true,false,-22.92754,-47.09933,Jardim Campos Elíseos,Lavanderia|Sala de TV,casa,,mhtimoveis,800,2,,,https://mhtimoveis.com.br/imovel/CA003656
,70.0,Campinas/SP,CA003657,2019-11-18,true,false,-22.92754,-47.09933,Jardim Campos Elíseos,Lavanderia|Sala de TV,casa,,mhtimoveis,800,2,,,https://mhtimoveis.com.br/imovel/CA003657
,65.0,Campinas/SP,CA001484,2019-11-18,true,false,-22.93453,-47.03952,Vila Georgina,Lavanderia|Quintal|Sala de Estar,casa,,mhtimoveis,900,1,,65.0,https://mhtimoveis.com.br/imovel/CA001484
,64.0,Campinas/SP,CA001317,2019-11-18,true,false,-22.92697,-47.07441,São Bernardo,,casa,,mhtimoveis,1100,2,,93.31,https://mhtimoveis.com.br/imovel/CA001317
,80.0,Campinas/SP,CA001316,2019-11-18,true,false,-22.92524,-47.07213,São Bernardo,,casa,,mhtimoveis,1200,2,,133.45,https://mhtimoveis.com.br/imovel/CA001316
,60.0,Campinas/SP,CA003768,2019-11-18,true,false,-22.8534,-47.06649,Jardim Santa Genebra,Armários|Cozinha Planejada|Lavanderia|Planejados|Quintal|Sala de Jantar|Sala de TV,casa,,mhtimoveis,1200,2,,60.0,https://mhtimoveis.com.br/imovel/CA003768
,147.75,Campinas/SP,CA001029,2019-11-18,true,true,-22.91783,-47.05246,Ponte Preta,Quintal,casa,,mhtimoveis,1400,,420000,147.75,https://mhtimoveis.com.br/imovel/CA001029
,110.0,Campinas/SP,CA003432,2019-11-18,true,false,-22.92743,-47.05212,Vila Marieta,Lavanderia|Sala de Estar|Quintal|3 DORMITÓRIOS|BANHEIRO SOCIAL|COZINHA AMPLA,casa,,mhtimoveis,1500,3,,350.0,https://mhtimoveis.com.br/imovel/CA003432
,90.0,Campinas/SP,CA003428,2019-11-18,true,true,-22.92434,-47.06113,Jardim Leonor,Despensa|Lavanderia|Quintal|Sala de Estar|cozinha,casa,,mhtimoveis,1600,3,450000,350.0,https://mhtimoveis.com.br/imovel/CA003428
,56.0,Campinas/SP,CA000356,2019-11-18,true,false,-22.91742,-47.05101,Ponte Preta,Sala de Estar|Sala de Jantar|Sala de TV|Lavabo|Armários|Despensa|Varanda,casa,,mhtimoveis,1680,2,,147.0,https://mhtimoveis.com.br/imovel/CA000356
,98.0,Campinas/SP,CA003862,2019-11-18,true,false,-22.93923,-47.04147,Vila Georgina,Despensa|Quintal|Sala de Estar|Varanda|bannheiro|cozinha,casa,,mhtimoveis,1700,3,,300.0,https://mhtimoveis.com.br/imovel/CA003862
,,Campinas/SP,CA003506,2019-11-18,true,false,-22.97919,-47.10537,Jardim Itatinga,Cozinha|Área Serviço,casa,,villaimoveiscampinas,650,1,,58.0,https://villaimoveiscampinas.com.br/imovel/CA003506
,,Campinas/SP,CA000115,2019-11-18,true,false,-22.95335,-47.0815,Jardim Icaraí,Cozinha|Energia|Esgoto|Água|Quintal,casa,,villaimoveiscampinas,700,1,,250.0,https://villaimoveiscampinas.com.br/imovel/CA000115
,,Campinas/SP,CA001035,2019-11-18,true,false,-22.90665,-47.07733,Vila Industrial,Cozinha|Energia|Esgoto|Água,casa,,villaimoveiscampinas,700,1,,37.0,https://villaimoveiscampinas.com.br/imovel/CA001035
,30.0,Campinas/SP,CA007067,2019-11-18,true,false,-22.93326,-47.04822,Jardim dos Oliveiras,Cozinha,casa,,villaimoveiscampinas,700,1,,,https://villaimoveiscampinas.com.br/imovel/CA007067
,50.0,Campinas/SP,CA006208,2019-11-18,true,false,-22.91168,-47.07946,Vila Industrial,Lavanderia|Sala de Estar,casa,,villaimoveiscampinas,800,1,,50.0,https://villaimoveiscampinas.com.br/imovel/CA006208
,50.0,Campinas/SP,CA006845,2019-11-18,true,false,-22.93578,-47.03784,Vila Georgina,Lavanderia|Quintal|Sala de Estar,casa,,villaimoveiscampinas,850,1,,,https://villaimoveiscampinas.com.br/imovel/CA006845
,40.0,Campinas/SP,CA007056,2019-11-18,true,false,-22.90679,-47.10126,Jardim Aurélia,Quintal,casa,,villaimoveiscampinas,850,1,,40.0,https://villaimoveiscampinas.com.br/imovel/CA007056
,40.0,Campinas/SP,CA006883,2019-11-18,true,false,-22.91095,-47.07741,Vila Industrial,Cozinha Americana|Lavanderia|Sala de Estar|Varanda,casa,,villaimoveiscampinas,870,1,,,https://villaimoveiscampinas.com.br/imovel/CA006883
,40.0,Campinas/SP,CA005553,2019-11-18,true,false,-22.9117,-47.06891,Vila Industrial,Lavanderia|Quintal,casa,,villaimoveiscampinas,900,1,,,https://villaimoveiscampinas.com.br/imovel/CA005553
,160.0,Campinas/SP,CA006588,2019-11-18,true,false,-22.90212,-47.07395,Bonfim,Lavanderia,casa,,villaimoveiscampinas,900,2,,140.0,https://villaimoveiscampinas.com.br/imovel/CA006588
,65.0,Campinas/SP,CA007020,2019-11-18,true,false,-22.9236,-47.06917,Jardim do Trevo,sacada,casa,,villaimoveiscampinas,900,2,,65.0,https://villaimoveiscampinas.com.br/imovel/CA007020
,70.0,Campinas/SP,CA006222,2019-11-18,true,false,-22.93113,-47.06277,Jardim Nova Europa,Armários,casa,,villaimoveiscampinas,1000,1,,70.0,https://villaimoveiscampinas.com.br/imovel/CA006222
,55.0,Campinas/SP,CA006938,2019-11-18,true,false,-22.91069,-47.0686,Vila Industrial,Lavanderia,casa,,villaimoveiscampinas,1050,1,,70.0,https://villaimoveiscampinas.com.br/imovel/CA006938
,60.0,Campinas/SP,CA006317,2019-11-18,true,false,-22.90818,-47.08027,Vila Industrial,,casa,,villaimoveiscampinas,1080,1,,75.0,https://villaimoveiscampinas.com.br/imovel/CA006317
,60.0,Campinas/SP,CA006213,2019-11-18,true,false,-22.92319,-47.10986,Jardim Londres,Lavanderia|Sala de Estar|Quintal,casa,,villaimoveiscampinas,1100,2,,100.0,https://villaimoveiscampinas.com.br/imovel/CA006213
,60.0,Campinas/SP,CA007019,2019-11-18,true,false,-22.94819,-47.13942,Residencial Cosmos,Sala de Jantar,casa,,villaimoveiscampinas,1100,3,,140.0,https://villaimoveiscampinas.com.br/imovel/CA007019
,80.0,Campinas/SP,CA003325,2019-11-18,true,true,-22.90734,-47.07603,Vila Industrial,Energia|Esgoto|Pavimentação|Quintal|Água|Lavanderia|Sala de Estar|Sala de TV,casa,,villaimoveiscampinas,1200,2,350000,,https://villaimoveiscampinas.com.br/imovel/CA003325
,6.0,Campinas/SP,CA005641,2019-11-18,true,false,-22.91938,-47.06207,Vila João Jorge,Armários,casa,,villaimoveiscampinas,1300,1,,60.0,https://villaimoveiscampinas.com.br/imovel/CA005641
,70.0,Campinas/SP,CA005940,2019-11-18,true,false,-22.90877,-47.07701,Vila Industrial,Lavanderia|Quintal,casa,,villaimoveiscampinas,1300,2,,110.0,https://villaimoveiscampinas.com.br/imovel/CA005940
,51.0,Campinas/SP,CA006761,2019-11-18,true,true,-22.9095,-47.07503,Vila Industrial,Edícula,casa,,villaimoveiscampinas,1300,2,300000,51.0,https://villaimoveiscampinas.com.br/imovel/CA006761
,114.0,Campinas/SP,CA006976,2019-11-18,true,true,-22.90407,-47.08806,Vila Nova Teixeira,Lavanderia|Quintal|Sala de Estar,casa,,villaimoveiscampinas,1300,2,300000,114.0,https://villaimoveiscampinas.com.br/imovel/CA006976
,163.0,Campinas/SP,CA002579,2019-11-18,true,false,-22.91141,-47.08745,Vila Teixeira,Copa|Cozinha|Despensa|Energia|Esgoto|Lavanderia|Pavimentação|Sacada|Água,casa,,villaimoveiscampinas,1350,3,,250.0,https://villaimoveiscampinas.com.br/imovel/CA002579
,80.0,Campinas/SP,CA005726,2019-11-18,true,false,-22.91112,-47.06701,Vila Industrial,Lavanderia|Quintal|Sala de Estar|Sala de TV,casa,,villaimoveiscampinas,1400,2,,125.0,https://villaimoveiscampinas.com.br/imovel/CA005726
,105.0,Campinas/SP,CA006532,2019-11-18,true,false,-22.89992,-47.07717,Bonfim,Lavanderia|Sala de Estar|Sala de TV,casa,,villaimoveiscampinas,1450,2,,105.0,https://villaimoveiscampinas.com.br/imovel/CA006532
,,Campinas/SP,CA001347,2019-11-18,true,true,-22.9105,-47.0803,Vila Industrial,Armário Home Theater|Cozinha|Energia|Esgoto|Pavimentação|Água|Área Serviço,casa,,villaimoveiscampinas,1500,2,450000,100.0,https://villaimoveiscampinas.com.br/imovel/CA001347
,,Campinas/SP,CA006098,2019-11-18,true,true,-22.964,-47.04116,Parque Jambeiro,Cozinha Americana|Lavanderia|Quintal|Sala de Estar|Sala de TV,casa,,villaimoveiscampinas,1500,3,380000,203.41,https://villaimoveiscampinas.com.br/imovel/CA006098
,220.0,Campinas/SP,CA006401,2019-11-18,true,true,-22.97048,-47.1144,Jardim Paraíso de Viracopos,Lavanderia|Quintal|Sala de Estar|Sala de TV|Varanda,casa,,villaimoveiscampinas,1600,4,265000,240.0,https://villaimoveiscampinas.com.br/imovel/CA006401
,,Campinas/SP,CA000205,2019-11-18,true,false,-22.88323,-47.04973,Taquaral,Copa|Cozinha|Energia|Esgoto|Pavimentação|Quintal|Água|Área Serviço,casa,,villaimoveiscampinas,1700,3,,176.0,https://villaimoveiscampinas.com.br/imovel/CA000205
"Rua Valdemir Pereira, 308",80.0,Campinas/SP,CA105506,2019-11-18,true,false,-22.85368,-47.03362,Parque São Quirino,SALA DE ESTAR|COZINHA COM GABINETE,casa,1,startimoveis,1100,2,,254.0,https://startimoveis.com.br/imovel/CA105506
"Rua Rodolfo Bernardeli, 245",45.0,Campinas/SP,CA104633,2019-11-18,true,false,-22.85383,-47.10936,Jardim Santa Mônica,COZINHA COM GABINETE,casa,0,startimoveis,700,1,,100.0,https://startimoveis.com.br/imovel/CA104633
"Rua Colônia de Minas, 508",68.3,Campinas/SP,CA004556,2019-11-18,true,false,-22.94415,-47.09336,Jardim Santa Amália,piso taco |sem armários|banheiro sem box|lavanderia coberta,casa,0,startimoveis,1000,2,,232.7,https://startimoveis.com.br/imovel/CA004556
"Rua Alberto Schweitzer, 47",154.0,Campinas/SP,CA102784,2019-11-18,true,false,-22.87379,-47.0298,Jardim Conceição,SALA DE ESTAR|SALA DE JANTAR|COZINHA COM GABINETE|DORMITÓRIO (S) COM ARMÁRIO (S) EMBUTIDO (S)|BANHEIRO (s) COM BOX ACRÍLICO,casa,0,startimoveis,1700,3,,154.0,https://startimoveis.com.br/imovel/CA102784
"Rua Custódio José Inácio Rodrigues, 296",40.0,Campinas/SP,CA105722,2019-11-18,true,false,-22.921,-47.08566,Parque Industrial,COZINHA COM GABINETE|BANHEIRO (s) COM BOX ACRÍLICO,casa,0,startimoveis,650,1,,150.0,https://startimoveis.com.br/imovel/CA105722
"Rua Santa Cruz do Rio Pardo, 449",50.0,Campinas/SP,CA001666,2019-11-18,true,false,-22.94308,-47.05457,Jardim Nova Europa,sala de estar|cozinha|dormitorios|banheiro|quintal ,casa,1,startimoveis,900,2,,336.0,https://startimoveis.com.br/imovel/CA001666
"Rua Dimas de Toledo Pizza., 470",50.0,Campinas/SP,CA001272,2019-11-18,true,false,-22.87739,-47.06592,Taquaral,sala de estar|cozinha com gabinete|dormitório|banheiro|lavanderia |quintal pequeno,casa,0,startimoveis,900,1,,324.0,https://startimoveis.com.br/imovel/CA001272
"Rua Dimas de Toledo Pizza, 470",100.0,Campinas/SP,CA103785,2019-11-18,true,false,-22.87739,-47.06592,Taquaral,SALA PARA DOIS AMBIENTES|BANHEIRO (s) COM GABINETE|COZINHA COM GABINETE|LAVANDERIA|QUINTAL,casa,0,startimoveis,1700,3,,324.0,https://startimoveis.com.br/imovel/CA103785
"Rua Engenheiro Augusto de Figueiredo, 838",50.0,Campinas/SP,CA004967,2019-11-18,true,false,-22.93026,-47.03419,Swift,COZINHA,casa,0,startimoveis,600,1,,50.0,https://startimoveis.com.br/imovel/CA004967
"Rua Gonçalves Pinheiro, 27",38.0,Campinas/SP,CA101481,2019-11-18,true,false,-22.91708,-47.05138,Ponte Preta,sala de estar|varanda|sala de jantar|cozinha ampla com gabinete|armário nos dormitórios|banheiros|área de serviço|quintal pequeno,casa,0,startimoveis,800,1,,38.0,https://startimoveis.com.br/imovel/CA101481
"Rua Antônio da Cunha de Abreu, 464",70.0,Campinas/SP,CA104630,2019-11-18,true,false,-22.85374,-47.10589,Jardim Santa Mônica,sala de estar|cozinha|dormitórios|banheiro|área de serviço,casa,1,startimoveis,750,2,,70.0,https://startimoveis.com.br/imovel/CA104630
"Rua João Amêndola, 451",140.0,Campinas/SP,CA089437,2019-11-18,true,false,-22.9437,-47.06455,Parque da Figueira,SALA DE ESTAR|SALA DE JANTAR|COZINHA COM ARMÁRIO|BANHEIRO (s) COM BOX BLINDEX|BANHEIRO (s) COM BOX ACRÍLICO|BANHEIRO (s) COM GABINETE|EDÍCULA,casa,1,startimoveis,1700,3,,140.0,https://startimoveis.com.br/imovel/CA089437
"Rua São Bernardo do Campo, 529",120.0,Campinas/SP,CA104001,2019-11-18,true,false,-22.93678,-47.05659,Jardim Nova Europa,SALA DE ESTAR|COZINHA COM GABINETE|DORMITÓRIO (S) COM ARMÁRIO (S) EMBUTIDO (S)|BANHEIRO (s) COM BOX ACRÍLICO,casa,0,startimoveis,1600,3,,120.0,https://startimoveis.com.br/imovel/CA104001
"Rua Borda da Mata, 305",100.0,Campinas/SP,CA103981,2019-11-18,true,false,-22.93811,-47.05741,Jardim Nova Europa,COZINHA|DORMITÓRIO COM ARMÁRIO EMBUTIDO|BANHEIROS COM BOX BLINDEX,casa,0,startimoveis,1700,3,,360.0,https://startimoveis.com.br/imovel/CA103981
"Rua Leopoldo Amaral, 111",116.0,Campinas/SP,CA090952,2019-11-18,true,false,-22.9264,-47.05283,Vila Marieta,"sala de estar|cozinha com gabinete|armário nos dormitórios |banheiro com box|edicula: sala, cozinha, 1 dormitório e banheiro|lavanderia |amplo quintal |1 vaga de garagem",casa,0,startimoveis,1500,2,,116.0,https://startimoveis.com.br/imovel/CA090952
"Rua Pascoal de Luca , 239",50.0,Campinas/SP,CA001750,2019-11-18,true,false,-22.9344,-47.02657,Jardim São Pedro,COZINHA COM ARMÁRIO,casa,0,startimoveis,750,1,,100.0,https://startimoveis.com.br/imovel/CA001750
"Rua Antônio da Cunha de Abreu, 258",50.0,Campinas/SP,CA104635,2019-11-18,true,false,-22.84341,-47.12178,Jardim Santa Mônica,Sala de estar|Cozinha ampla|Dormitório|Banheiro |Lavanderia ,casa,1,startimoveis,600,1,,50.0,https://startimoveis.com.br/imovel/CA104635
"Rua Doutor Cassiano Gonzaga, 222",110.0,Campinas/SP,CA106540,2019-11-18,true,false,-22.92332,-47.07598,São Bernardo,COZINHA COM ARMÁRIO|COZINHA COM GABINETE,casa,0,startimoveis,1350,2,,110.0,https://startimoveis.com.br/imovel/CA106540
"Rua Valparaíso, 231",50.0,Campinas/SP,CA105558,2019-11-18,true,false,-22.94156,-47.06352,Parque da Figueira,,casa,0,startimoveis,1000,1,,50.0,https://startimoveis.com.br/imovel/CA105558
"Rua Professora Altimira de Souza Pinto, 250",79.0,Campinas/SP,CA105681,2019-11-18,true,false,-22.84508,-47.0218,Parque Imperador,sala de estar|cozinha ampla|dormitórios|banheiro|lavanderia|quintal amplo,casa,0,startimoveis,950,2,,250.0,https://startimoveis.com.br/imovel/CA105681
"Rua Padre Bernardo da Silva, 331",135.0,Campinas/SP,CA090185,2019-11-18,true,false,-22.9211,-47.07437,São Bernardo,COZINHA COM GABINETE|BANHEIRO (s) COM BOX BLINDEX|BANHEIRO (s) COM GABINETE,casa,0,startimoveis,1600,3,,135.0,https://startimoveis.com.br/imovel/CA090185
"Rua Dimas de Toledo Pizza, 779",50.0,Campinas/SP,CA103802,2019-11-18,true,false,-22.87721,-47.06375,Jardim Nossa Senhora Auxiliadora,Sala de estar|Lavanderia|Cozinha|1 quarto ,casa,0,startimoveis,960,1,,50.0,https://startimoveis.com.br/imovel/CA103802
"Rua José Castanheira Filho, 101",70.0,Campinas/SP,CA105955,2019-11-18,true,false,-22.86379,-47.06593,Parque Taquaral,SALA PARA DOIS AMBIENTES|COZINHA COM ARMÁRIO|COZINHA COM GABINETE|BANHEIRO (s) COM BOX ACRÍLICO|QUINTAL,casa,0,startimoveis,1150,1,,70.0,https://startimoveis.com.br/imovel/CA105955
"Rua Romildo Segallio, 251",145.0,Campinas/SP,CA103717,2019-11-18,true,false,,,Jardim Nilópolis,dormitório sem armário|COZINHA|banheiro sem box|LAVANDERIA|QUINTAL,casa,0,startimoveis,650,1,,300.0,https://startimoveis.com.br/imovel/CA103717
"RUA DOUTOR SEBASTIAO OTRANTO, 76B",160.0,Campinas/SP,CA088468,2019-11-18,true,false,-22.87801,-47.06433,Jardim Nossa Senhora Auxiliadora,SALA DE ESTAR|COZINHA AMERICANA PLANEJADA|COPA|BANHEIRO (s) COM BOX ACRÍLICO|DESPENSA|DORMITÓRIO (S) COM ARMÁRIO (S) EMBUTIDO (S)|SUÍTE COM ARMÁRIO (S) EMBUTIDO (S)|QUINTAL|PORTÃO,casa,0,startimoveis,1650,3,,160.0,https://startimoveis.com.br/imovel/CA088468
"Rua São Bento do Sapucaí, 521",50.0,Campinas/SP,CA103950,2019-11-18,true,false,-22.94022,-47.05355,Jardim Nova Europa,sala de estar|cozinha |dormitório|banheiro|área de serviço,casa,0,startimoveis,600,1,,100.0,https://startimoveis.com.br/imovel/CA103950
"Rua Miguel Vieira Ferreira, 867",150.0,Campinas/SP,CA000866,2019-11-18,true,false,-22.88427,-47.15764,Chácara Nova Boa Vista,sala de estar|cozinha ampla|dormitórios amplos|banheiro|piso frio|abrigo|canil|quintal grande|portão eletronico,casa,0,startimoveis,1000,3,,150.0,https://startimoveis.com.br/imovel/CA000866
"Rua Reinaldo Laubenstein , 798",120.0,Campinas/SP,CA102591,2019-11-18,true,false,-22.89267,-47.09567,Jardim Chapadão,ampla casa|sala |varanda|piso frio|pintura nova|ampla lavanderia,casa,0,startimoveis,1300,3,,120.0,https://startimoveis.com.br/imovel/CA102591
"Rua Herminio Ramos Catarino, 171",50.0,Campinas/SP,CA094070,2019-11-18,true,false,-22.81414,-47.03332,Jardim Myrian Moreira da Costa,COZINHA COM GABINETE|LAVANDERIA|SALA DE TV|BANHEIRO (s) COM BOX BLINDEX,casa,0,startimoveis,1000,1,,80.0,https://startimoveis.com.br/imovel/CA094070
"Rua Coronel Manuel Morais, 39",45.0,Campinas/SP,CA003271,2019-11-18,true,false,-22.88669,-47.06356,Jardim Guanabara,,casa,0,startimoveis,850,1,,45.0,https://startimoveis.com.br/imovel/CA003271
"Avenida Engenheiro Antônio Francisco de Paula Souza , 2006",48.0,Campinas/SP,CA107331,2019-11-18,true,false,-22.93587,-47.03723,Vila Georgina,Sala de estar|Sala de jantar|Cozinha|Dormitórios |Banheiro|Área de serviço,casa,0,startimoveis,1200,2,,100.0,https://startimoveis.com.br/imovel/CA107331
"Rua José Soriano de Sousa Filho, 92",260.37,Campinas/SP,CA003657,2019-11-18,true,false,-22.92905,-47.04362,Vila Joaquim Inácio,piso frio e madeira|sem armários|banheiro sem box,casa,0,startimoveis,780,1,,446.0,https://startimoveis.com.br/imovel/CA003657
"Rua Gustavo Marcondes, 136",50.0,Campinas/SP,CA002719,2019-11-18,true,false,-22.87224,-47.03166,Jardim Madalena,Sala de estar ampla |Box de acrilico no banheiro|Entrada Independente|Dormitório com armário,casa,0,startimoveis,1000,1,,50.0,https://startimoveis.com.br/imovel/CA002719
"Rua dos Tamoios, 30",50.0,Campinas/SP,CA004617,2019-11-18,true,false,-22.86375,-47.06177,Vila Miguel Vicente Cury,Banheiro com box blindex|Cozinha|Dormitório com armário embutido|Sala de estar,casa,0,startimoveis,1000,1,,50.0,https://startimoveis.com.br/imovel/CA004617
"Rua Ângelo Sellin, 542",50.0,Campinas/SP,CA094046,2019-11-18,true,false,-22.8157,-47.02822,Jardim Myrian Moreira da Costa,sala de estar|cozinha |dormitórios|banheiros|churrasqueira|lavanderia|quintal,casa,0,startimoveis,900,2,,50.0,https://startimoveis.com.br/imovel/CA094046
"Rua João Rodrigues Serra, 292",75.0,Campinas/SP,CA103261,2019-11-18,true,false,-22.88228,-47.11246,Jardim Eulina,sala de estar|cozinha |dormitórios|banheiro|área de serviço,casa,0,startimoveis,1000,2,,75.0,https://startimoveis.com.br/imovel/CA103261
"Rua da Abolição, 3178 B",60.0,Campinas/SP,CA004387,2019-11-18,true,false,-22.93445,-47.03362,Swift,piso frio|sala 2 ambientes|dormitórios sem armários|cozinha com gabinete|banheiro sem box|quarto anexo com banheiro|terraço com lavanderia,casa,0,startimoveis,1700,2,,275.0,https://startimoveis.com.br/imovel/CA004387
"Rua Juqueri, 33",150.0,Campinas/SP,CA003514,2019-11-18,true,false,-22.92965,-47.03955,Swift,Sala de estar |Guarda roupas nos quartos|Cozinha com Ármarios|Pintura nova|Copa|Lavanderia coberta,casa,0,startimoveis,1600,2,,100.0,https://startimoveis.com.br/imovel/CA003514
"Rua Alexandre Laroca, 180",45.0,Campinas/SP,CA107287,2019-11-18,true,false,-22.93462,-47.03113,Vila Carminha,sala de estar|cozinha com gabinete|dormitório amplo|box de acrilico|piso frio|lavanderia coberta,casa,0,startimoveis,1150,1,,45.0,https://startimoveis.com.br/imovel/CA107287
"Rua Maria Luísa Furlani Melchert, 97",181.0,Campinas/SP,CA004756,2019-11-18,true,false,-22.86114,-47.03396,Parque São Quirino,SALA DE TV|DORMITÓRIO COM ARMÁRIO EMBUTIDO|BANHEIROS COM BOX ACRÍLICO|COZINHA COM ARMÁRIO|LAVANDERIA|QUINTAL,casa,0,startimoveis,1600,3,,330.0,https://startimoveis.com.br/imovel/CA004756
"Rua Itaparica.., 194",72.0,Campinas/SP,CA004281,2019-11-18,true,false,-22.92358,-47.01523,Jardim Carlos Lourenço,SALA DE ESTAR|COZINHA COM ARMÁRIO|LAVANDERIA|QUINTAL,casa,0,startimoveis,900,1,,72.0,https://startimoveis.com.br/imovel/CA004281
"Rua Antônio Pavin, 391",65.0,Campinas/SP,CA102782,2019-11-18,true,false,-22.87477,-47.03412,Jardim Conceição,sala de estar|cozinha com gabinete|dormitórios|box blindex no banheiro|lavanderia,casa,0,startimoveis,1300,3,,280.0,https://startimoveis.com.br/imovel/CA102782
"Rua Itaparica, 194 A",72.0,Campinas/SP,CA004218,2019-11-18,true,false,-22.92358,-47.01523,Jardim Carlos Lourenço,Sala Ampla |Piso frio |Pintura nova |Lavanderia|Varanda|Casa nova|Entrada independente,casa,0,startimoveis,900,1,,72.0,https://startimoveis.com.br/imovel/CA004218
"Rua Gastão Tepedino, 135",72.0,Campinas/SP,CA004250,2019-11-18,true,false,-22.93944,-47.01322,Jardim Monte Líbano,sala de estar|sala de jantar|lavabo|Lavanderia|Espaço gourmet com churrasqueira,casa,0,startimoveis,1000,2,,250.0,https://startimoveis.com.br/imovel/CA004250
"Rua Nova Aliança, 83",137.0,Campinas/SP,CA003943,2019-11-18,true,false,-22.89185,-47.04053,Chácara da Barra,sala ampla|dormitorios|suite|cozinha ampla|lavanderia|quintal|garagens,casa,0,startimoveis,1500,3,,137.0,https://startimoveis.com.br/imovel/CA003943
,,Campinas/SP,CA010328,2019-11-18,true,false,-22.91374,-47.10307,Jardim García,Cozinha|Água,casa,,homehunters,1000,1,,60.0,https://homehunters.com.br/imovel/CA010328
,,Campinas/SP,CA011930,2019-11-18,true,false,-22.87738,-47.03565,Jardim Boa Esperança,"quintal,area de serviço,dormitorio,sala,cozinha,banheiro",casa,,homehunters,1000,1,,70.0,https://homehunters.com.br/imovel/CA011930
,,Campinas/SP,CA013980,2019-11-18,true,false,-22.89529,-47.09883,Jardim Eulina,area de serviço|cozinha|interfone|lavanderia|permitido animais|piso frio|sala,casa,,homehunters,1000,1,,42.0,https://homehunters.com.br/imovel/CA013980
,,Campinas/SP,CA008366,2019-11-18,true,true,-22.94344,-47.09513,Vila Maria Eugênia,Armário Cozinha|Carpete Madeira|Cozinha|Energia|Esgoto|Pavimentação|Quadra Poliesportiva|Água|Área Serviço,casa,,homehunters,1100,2,270000,60.0,https://homehunters.com.br/imovel/CA008366
,90.0,Campinas/SP,CA006734,2019-11-18,true,false,-22.87469,-47.03418,Jardim Novo Flamboyant,sala|cozinha com gabinete|area de serviço|banheiro com box|corredor|vagas de garagem|portao eletronico|pintura nova,casa,,homehunters,1350,3,,90.0,https://homehunters.com.br/imovel/CA006734
,,Campinas/SP,CA012905,2019-11-18,true,false,-22.8145,-47.09483,Vila Santa Isabel,"armário no dormitório, boa área livre, reformada",casa,,homehunters,1500,2,,,https://homehunters.com.br/imovel/CA012905
,126.0,Campinas/SP,CA013859,2019-11-18,true,false,-22.92729,-47.05257,Vila Marieta,sala|quintal,casa,,homehunters,1500,3,,126.0,https://homehunters.com.br/imovel/CA013859
,,Campinas/SP,CA013105,2019-11-18,true,false,-22.8364,-47.05326,Parque das Universidades,porta de enrrolar de aço e suporte para toldos ou propagandas,casa,,homehunters,1600,1,,,https://homehunters.com.br/imovel/CA013105
,,Campinas/SP,CA005401,2019-11-18,true,false,-22.791,-47.08281,Jardim do Sol,Armário Cozinha|Cozinha|Esgoto|Lavabo|Terraço|Água|Área Serviço,casa,,homehunters,1700,3,,80.0,https://homehunters.com.br/imovel/CA005401
,152.0,Campinas/SP,CA003153,2019-11-18,true,true,-22.98367,-47.09521,Jardim Nova Mercedes,Lavanderia|Quintal|Varanda|agua|armario no dormitorio|energia|piso frio,casa,,canova,1450,2,340000,261.0,https://canova.com.br/imovel/CA003153
"Rua Taquaritinga, 69*",110.0,Campinas/SP,CA030151,2019-11-18,true,false,-22.9326,-47.06691,Jardim Nova Europa,Armário na cozinha|Quintal|banheiro social|dormitório|suíte|sala|pia com gabinete|piso frio|piso carpete de madeira|pintura nova,casa,0,hmpolo,1300,2,,0.0,https://hmpolo.com.br/imovel/CA030151
"Rua Joaquim Vieira, 94*",165.0,Campinas/SP,CA006833,2019-11-18,true,false,-22.96761,-47.11194,Jardim Petropolis,Quintal|banheiro social|cozinha|dormitório|sala|suíte,casa,1,hmpolo,1300,3,,0.0,https://hmpolo.com.br/imovel/CA006833
"Rua Sebastião Rosa, 39*",137.0,Campinas/SP,CA032988,2019-11-18,true,false,-22.92497,-47.07254,São Bernardo,Lavanderia|ampla cozinha|area de luz|area de serviço|banheiro social|excelente localização|living 2 ambientes|pintura nova|piso ardosia|quintal pequeno|TACO NOS DORMITÓRIOS|VARANDA,casa,0,hmpolo,1150,2,,,https://hmpolo.com.br/imovel/CA032988
"Rua Mario Bueno de Camargo, 216",80.0,Campinas/SP,CA023942,2019-11-18,true,false,-22.85901,-47.04167,Jardim Santana,Piso Frio|banheiro social|cozinha|dormitório|sala|quintal|PIA COM GABINETE|area de serviço|pintura nova,casa,0,hmpolo,1300,2,,250.0,https://hmpolo.com.br/imovel/CA023942
"Rua Paula Bueno       fundos edicula, 905 **",,Campinas/SP,CA033134,2019-11-18,true,false,-22.88396,-47.05292,Taquaral,Armários|Cozinha Americana|Edícula|Lavanderia|banheiro social|excelente vista|excelente localização|piso frio|portão eletronico,casa,0,hmpolo,950,1,,,https://hmpolo.com.br/imovel/CA033134
"Rua Zelindo Feriani, 60*",130.0,Campinas/SP,CA006345,2019-11-18,true,false,-22.81744,-47.00901,Parque dos Pomares,sala|piso frio|dormitório|cozinha|PIA COM GABINETE|banheiro social|Edícula|area de serviço|Quintal|PINTURA NOVA|VARANDA,casa,0,hmpolo,1300,2,,0.0,https://hmpolo.com.br/imovel/CA006345
"Rua Lucia Helena Zampieri, 21",80.0,Campinas/SP,CA022529,2019-11-18,true,false,-22.87671,-47.02726,Jardim Dom Bosco,Edícula|Quintal|banheiro social|cozinha|dormitório|sala|pia com gabinete|piso frio|PISO TACO|area de serviço|PINTURA NOVA,casa,0,hmpolo,1300,2,,0.0,https://hmpolo.com.br/imovel/CA022529
"Rua Cristóvão Colombo, 280",70.0,Campinas/SP,CA033137,2019-11-18,true,false,-22.88974,-47.06125,Vila Rossi,sala|piso frio|dormitório|cozinha|pia com gabinete|banheiro social|Edícula|area de serviço|quintal,casa,0,hmpolo,800,1,,0.0,https://hmpolo.com.br/imovel/CA033137
"Rua Gregório Cristino de Paula  - fundos, 59 *",,Campinas/SP,CA033126,2019-11-18,true,false,-22.85962,-47.03994,Parque São Quirino,Cozinha Americana|Edícula|Lavanderia|Sala de Estar|cozinha|dormitório|jardim|piso frio,casa,0,hmpolo,900,1,,,https://hmpolo.com.br/imovel/CA033126
"Rua Frei Manoel da Ressurreição, 1720",60.0,Campinas/SP,CA032991,2019-11-18,true,false,-22.8823,-47.06775,Jardim Guanabara,Quintal|cozinha|dormitório|piso frio|sala,casa,0,hmpolo,1300,1,,,https://hmpolo.com.br/imovel/CA032991
"Rua Arnaldo Barreto, 462*",80.0,Campinas/SP,CA005346,2019-11-18,true,false,-22.92425,-47.07316,Sao Bernardo,Quintal|pia com gabinete|banheiro social|dormitório|sala|piso frio|Cozinha Planejada|Edícula|area de serviço|pintura nova,casa,0,hmpolo,950,2,,0.0,https://hmpolo.com.br/imovel/CA005346
".Rua Gonçalves Pinheiro, 87",,Campinas/SP,CA033118,2019-11-18,true,false,-22.91733,-47.0519,Ponte Preta,Lavanderia|Quintal|pia com gabinete,casa,0,hmpolo,1200,2,,0.8,https://hmpolo.com.br/imovel/CA033118
"Rua Joao Francisco Ricardo, 37*",60.0,Campinas/SP,CA020518,2019-11-18,true,false,-22.96174,-47.12017,Jardim Morumbi,Piso Frio|dormitório|sala|cozinha|banheiro social|garagem|pia com gabinete|Edícula|area de serviço|quintal grande|pintura nova,casa,0,hmpolo,850,2,,0.0,https://hmpolo.com.br/imovel/CA020518
"Rua Rio Grande do Sul, 154 Com Rua Paraná, 22, 154",70.0,Campinas/SP,CA006726,2019-11-18,true,true,-22.92103,-47.07357,São Bernardo,Armário no banheiro|Piso Frio|banheiro social|dormitório|sala|area de serviço,casa,0,hmpolo,1300,2,590000,0.0,https://hmpolo.com.br/imovel/CA006726
"Rua Pernambuco, 116*",45.0,Campinas/SP,CA115220,2019-11-18,true,false,-22.91852,-47.07598,Fundacao da Casa Popular,Armário na cozinha|Piso Frio|banheiro social|dormitório|quintal pequeno|sala|ventilador de teto,casa,0,hmpolo,900,1,,0.0,https://hmpolo.com.br/imovel/CA115220
"Rua Doutor Souza Ribeiro, 157",81.6,Campinas/SP,CA032917,2019-11-18,true,false,-22.91311,-47.08106,Vila Satúrnia,sala 2 ambientes|banheiro social|excelente localização|pintura nova|piso frio|quintal|cozinha|dormitórios,casa,0,hmpolo,1590,3,,284.9,https://hmpolo.com.br/imovel/CA032917
"Rua Professor Renê de Oliveira Barreto, 654",133.0,Campinas/SP,CA033003,2019-11-18,true,true,-22.8777,-47.02759,Jardim Boa Esperança,Lavanderia|Quintal|Sala de TV|area de serviço|banheiro|cozinha|dormitório|piso frio,casa,0,hmpolo,1700,3,425000,,https://hmpolo.com.br/imovel/CA033003
" Estrada Municipal da Paz, S/N",100.0,Campinas/SP,CA028968,2019-11-18,true,false,-22.94949,-47.19459,Santa Clara,Energia|Esgoto|Lavabo|Murado|Piso Frio|Portaria 24h|Varanda|Água,casa,0,hmpolo,950,3,,100.0,https://hmpolo.com.br/imovel/CA028968
"Rua Doutor Gabriel Penteado, 488",,Campinas/SP,CA032767,2019-11-18,true,false,-22.91938,-47.06207,Vila João Jorge,Quintal|area de serviço|banheiro social|cozinha|dormitórios com armário embutidos|estacionamento com vagas cobertas|piso carpete de madeira|Pia com gabinete|pintura nova,casa,0,hmpolo,1200,1,,,https://hmpolo.com.br/imovel/CA032767
"Rua Rafael Spina, 156",,Campinas/SP,CA032396,2019-11-18,true,false,-22.9376,-47.03214,Jardim São Gabriel,,casa,0,hmpolo,1200,2,,,https://hmpolo.com.br/imovel/CA032396
"Rua Professor Adalberto Nascimento, 379",60.0,Campinas/SP,CA015162,2019-11-18,true,false,-22.92197,-47.07356,São Bernardo,Jardim|Piso Frio|sala|dormitório|cozinha|banheiro|area de serviço|quintal pequeno|Edícula|pintura nova,casa,0,hmpolo,800,1,,0.0,https://hmpolo.com.br/imovel/CA015162
"Rua Novo Horizonte, 20",,Campinas/SP,CA032128,2019-11-18,true,true,-22.88987,-47.04522,Chácara da Barra,Sala de Estar|quintal|quintal pequeno|area de serviço|Lavanderia|Sala de Jantar|piso frio|porão,casa,0,hmpolo,1500,2,2500000,,https://hmpolo.com.br/imovel/CA032128
"Rua Ângelo Sellin, 98.",100.0,Campinas/SP,CA000994,2019-11-18,true,true,-22.81256,-47.03069,Jardim Myrian Moreira da Costa,Copa|Cozinha|Energia|Esgoto|Quintal|Água|Área Serviço,casa,0,novometro,1200,3,390000,0.0,https://novometro.com.br/imovel/CA000994
,75.0,Campinas/SP,CA000605,2019-11-18,true,false,-22.79038,-47.09754,Loteamento Solar Campinas,"dormitório,banheiro,sala ,cozinha,área de serviço,vaga de garagem ,piscina e churrasqueira.",casa,,cidadeuniversitariaimoveis,1300,2,,100.0,https://cidadeuniversitariaimoveis.com.br/imovel/CA000605
,110.0,Campinas/SP,CA000737,2019-11-18,true,false,-22.79094,-47.08277,Barão Geraldo,"dormitório,banheiro social e banheiro privativo,sala ,cozinha,lavanderia ,vaga de garagem,varanda.",casa,,cidadeuniversitariaimoveis,1600,3,,200.0,https://cidadeuniversitariaimoveis.com.br/imovel/CA000737
"Rua Pedro Alexandrino, 34",100.0,Campinas/SP,CA004126,2019-11-18,true,true,-22.92114,-47.05984,Vila João Jorge,Armários|Armários embutido|Edícula|Lavanderia|Piso Frio|Quintal,casa,0,galanteimoveis,1500,3,420000,160.0,https://galanteimoveis.com.br/imovel/CA004126
"Rua Alaíde Nascimento de Lemos, 87",100.0,Campinas/SP,CA000841,2019-11-18,true,false,-22.91768,-47.04052,Vila Lemos,Sala de Estar|Sala de Jantar|Sala de TV|Armários|Despensa|Cozinha Planejada|Lavanderia|Quintal|área de serviço|Piso cerâmico,casa,0,galanteimoveis,1600,2,,100.0,https://galanteimoveis.com.br/imovel/CA000841
"Rua José Castanheira Filho, 101",50.0,Campinas/SP,CA004253,2019-11-18,true,false,-22.86379,-47.06593,Parque Taquaral,Armários Planejados|Copa|Cozinha Americana|Lavanderia|Piso cerâmico|Quintal|Sala de Estar|Sala de TV,casa,0,galanteimoveis,1250,1,,100.0,https://galanteimoveis.com.br/imovel/CA004253
"Rua Doutor Arnaldo de Carvalho, 870",70.0,Campinas/SP,CA004117,2019-11-18,true,false,-22.89703,-47.08647,Bonfim,Lavanderia|Piso Frio,casa,0,galanteimoveis,900,2,,150.0,https://galanteimoveis.com.br/imovel/CA004117
"Rua Domício Pacheco e Silva, 1429",180.0,Campinas/SP,CA054788,2019-11-18,true,false,-22.9202,-47.10868,Jardim Novo Campos Elíseos,Sala de Estar|Sala de Jantar|Sala de TV|Armários|Despensa|Lavanderia|Quintal|Varanda|ar condicionado|área de serviço|Armários embutido|Piso cerâmico,casa,0,galanteimoveis,1400,3,,180.0,https://galanteimoveis.com.br/imovel/CA054788
"Rua Doutor Luíz Silvério, 746",143.0,Campinas/SP,CA055592,2019-11-18,true,false,-22.92843,-47.0467,Vila Marieta,Armários|Lavanderia|Quintal|Piso tabua corrida|Piso Frio,casa,0,galanteimoveis,1400,2,,315.0,https://galanteimoveis.com.br/imovel/CA055592
"Rua Nova Aliança, 83 -A",75.0,Campinas/SP,CA003545,2019-11-18,true,false,-22.89181,-47.04008,Chácara da Barra,Cerca Elétrica|piso taco,casa,0,galanteimoveis,1600,,,100.0,https://galanteimoveis.com.br/imovel/CA003545
"Rua Nova Iorque, 58",130.0,Campinas/SP,CA055276,2019-11-18,true,false,-22.85963,-47.0361,Parque São Quirino,Sala de TV|Sala de Estar|Piso Frio|sacada|Cozinha Planejada|área de serviço,casa,0,galanteimoveis,1700,3,,130.0,https://galanteimoveis.com.br/imovel/CA055276
"Rua Frei José de Monte Carmelo, 463",,Campinas/SP,CA003436,2019-11-18,true,false,-22.91638,-47.04715,Jardim Primavera,Copa|Piso cerâmico,casa,0,galanteimoveis,1600,,,50.0,https://galanteimoveis.com.br/imovel/CA003436
"Avenida Francisco Elisiário, 77",50.0,Campinas/SP,CA001182,2019-11-18,true,false,-22.90221,-47.07406,Bonfim,Sala de Estar|Sala de Jantar|Sala de TV|Lavanderia|área de serviço|Piso cerâmico,casa,0,galanteimoveis,1000,2,,50.0,https://galanteimoveis.com.br/imovel/CA001182
"Rua Martinópolis, 346",70.0,Campinas/SP,CA001412,2019-11-18,true,false,-22.92961,-47.08944,Vila Pompéia,Sala de Estar|Lavanderia|sacada|Piso Frio,casa,0,galanteimoveis,1500,3,,70.0,https://galanteimoveis.com.br/imovel/CA001412
,267.5,Campinas/SP,CA270882,2019-11-18,true,false,-22.93445,-47.03362,Vila Joaquim Inácio,,casa,,provectumimoveis,1700,3,,,https://provectumimoveis.com.br/imovel/CA270882
,135.0,Campinas/SP,CA271835,2019-11-18,true,false,-22.78533,-47.04181,Bosque das Palmeiras,,casa,,provectumimoveis,1700,3,,,https://provectumimoveis.com.br/imovel/CA271835
,120.0,Campinas/SP,CA272061,2019-11-18,true,false,-22.87821,-47.06857,Vila Nova,,casa,,provectumimoveis,1700,2,,200.0,https://provectumimoveis.com.br/imovel/CA272061
,200.0,Campinas/SP,CA273174,2019-11-18,true,false,,,Jardim Nova Europa,,casa,,provectumimoveis,1700,3,,350.0,https://provectumimoveis.com.br/imovel/CA273174
,150.5,Campinas/SP,CA001325,2019-11-18,true,true,-22.92399,-47.0545,Vila Marieta,,casa,,provectumimoveis,1650,3,650000,,https://provectumimoveis.com.br/imovel/CA001325
,100.0,Campinas/SP,CA274687,2019-11-18,true,false,-22.86473,-47.0626,Parque Taquaral,,casa,,provectumimoveis,1650,3,,250.0,https://provectumimoveis.com.br/imovel/CA274687
,140.0,Campinas/SP,CA234803,2019-11-18,true,true,-22.93934,-47.12487,Parque Residencial Vila União,,casa,,provectumimoveis,1600,3,320000,160.0,https://provectumimoveis.com.br/imovel/CA234803
,170.0,Campinas/SP,CA235836,2019-11-18,true,false,-22.85963,-47.0361,Parque São Quirino,,casa,,provectumimoveis,1600,4,,110.0,https://provectumimoveis.com.br/imovel/CA235836
,,Campinas/SP,CA242423,2019-11-18,true,true,-22.91098,-47.0806,Vila Industrial,,casa,,provectumimoveis,1600,3,400000,,https://provectumimoveis.com.br/imovel/CA242423
,204.25,Campinas/SP,CA249007,2019-11-18,true,true,-22.96262,-47.12034,Jardim Morumbi,,casa,,provectumimoveis,1600,3,340000,204.25,https://provectumimoveis.com.br/imovel/CA249007
,50.0,Campinas/SP,CA252866,2019-11-18,true,false,-22.89015,-46.97602,Loteamento Parque das Hortências (Sousas),,casa,,provectumimoveis,1600,1,,70.0,https://provectumimoveis.com.br/imovel/CA252866
,,Campinas/SP,CA270242,2019-11-18,true,false,-22.92965,-47.07281,São Bernardo,,casa,,provectumimoveis,1600,3,,,https://provectumimoveis.com.br/imovel/CA270242
,260.0,Campinas/SP,CA273895,2019-11-18,true,true,-22.88107,-47.12182,Parque Via Norte,,casa,,provectumimoveis,1600,3,1200000,300.0,https://provectumimoveis.com.br/imovel/CA273895
,84.0,Campinas/SP,CA189965,2019-11-18,true,true,-22.91484,-47.08777,Parque Beatriz,,casa,,provectumimoveis,1500,3,420000,,https://provectumimoveis.com.br/imovel/CA189965
,70.0,Campinas/SP,CA200333,2019-11-18,true,false,-22.92345,-47.03977,Vila Lemos,,casa,,provectumimoveis,1500,2,,,https://provectumimoveis.com.br/imovel/CA200333
,85.0,Campinas/SP,CA200862,2019-11-18,true,false,-22.89319,-47.07675,Castelo,,casa,,provectumimoveis,1500,1,,,https://provectumimoveis.com.br/imovel/CA200862
,140.0,Campinas/SP,CA205335,2019-11-18,true,false,-22.94345,-47.10792,Jardim Novo Campos Elíseos,,casa,,provectumimoveis,1500,2,,,https://provectumimoveis.com.br/imovel/CA205335
,100.0,Campinas/SP,CA221826,2019-11-18,true,false,-22.91146,-47.0505,Bosque,,casa,,provectumimoveis,1500,2,,100.0,https://provectumimoveis.com.br/imovel/CA221826
,,Campinas/SP,CA243941,2019-11-18,true,false,-22.88447,-47.06778,Jardim Guanabara,,casa,,provectumimoveis,1500,2,,,https://provectumimoveis.com.br/imovel/CA243941
,50.0,Campinas/SP,CA252867,2019-11-18,true,false,-22.89015,-46.97602,Loteamento Parque das Hortências (Sousas),,casa,,provectumimoveis,1500,1,,70.0,https://provectumimoveis.com.br/imovel/CA252867
,50.0,Campinas/SP,CA252868,2019-11-18,true,false,-22.89015,-46.97602,Loteamento Parque das Hortências (Sousas),,casa,,provectumimoveis,1500,1,,70.0,https://provectumimoveis.com.br/imovel/CA252868
,138.57,Campinas/SP,CA259346,2019-11-18,true,true,-22.93808,-47.04155,Jardim dos Oliveiras,,casa,,provectumimoveis,1500,2,400000,138.57,https://provectumimoveis.com.br/imovel/CA259346
,100.0,Campinas/SP,CA259648,2019-11-18,true,false,-22.94271,-47.053,Jardim Nova Europa,,casa,,provectumimoveis,1500,3,,130.0,https://provectumimoveis.com.br/imovel/CA259648
,103.92,Campinas/SP,CA263011,2019-11-18,true,false,-22.91686,-47.01804,Jardim Andorinhas,,casa,,provectumimoveis,1500,2,,300.0,https://provectumimoveis.com.br/imovel/CA263011
,,Campinas/SP,CA266952,2019-11-18,true,false,-22.93135,-47.04225,Vila Georgina,,casa,,provectumimoveis,1500,2,,,https://provectumimoveis.com.br/imovel/CA266952
,80.0,Campinas/SP,CA267473,2019-11-18,true,false,-22.92789,-47.05958,Jardim Leonor,,casa,,provectumimoveis,1500,0,,80.0,https://provectumimoveis.com.br/imovel/CA267473
,60.0,Campinas/SP,CA271036,2019-11-18,true,false,-22.88447,-47.06778,Jardim Guanabara,,casa,,provectumimoveis,1500,2,,,https://provectumimoveis.com.br/imovel/CA271036
,130.0,Campinas/SP,CA271223,2019-11-18,true,false,-22.91482,-47.04916,Jardim Proença,,casa,,provectumimoveis,1500,2,,130.0,https://provectumimoveis.com.br/imovel/CA271223
,156.27,Campinas/SP,CA273060,2019-11-18,true,true,-22.96346,-47.16293,Residencial São José,,casa,,provectumimoveis,1500,3,380000,126.0,https://provectumimoveis.com.br/imovel/CA273060
,49.0,Campinas/SP,CA273343,2019-11-18,true,true,-22.98462,-47.092,Parque Eldorado,,casa,,provectumimoveis,1500,2,335000,170.0,https://provectumimoveis.com.br/imovel/CA273343
,80.0,Campinas/SP,CA274425,2019-11-18,true,false,-22.9429,-47.09672,Jardim Aero Continental,,casa,,provectumimoveis,1500,,,250.0,https://provectumimoveis.com.br/imovel/CA274425
,100.0,Campinas/SP,CA204636,2019-11-18,true,false,-22.91867,-47.0356,Vila Lemos,,casa,,provectumimoveis,1400,2,,200.0,https://provectumimoveis.com.br/imovel/CA204636
,120.0,Campinas/SP,CA262418,2019-11-18,true,false,-22.83995,-47.05294,Parque das Universidades,,casa,,provectumimoveis,1400,2,,120.0,https://provectumimoveis.com.br/imovel/CA262418
,,Campinas/SP,CA265607,2019-11-18,true,false,-22.96647,-47.04479,Parque Jambeiro,,casa,,provectumimoveis,1400,2,,,https://provectumimoveis.com.br/imovel/CA265607
,150.0,Campinas/SP,CA272200,2019-11-18,true,true,-22.91079,-47.07134,Vila Industrial,,casa,,provectumimoveis,1400,,400000,150.0,https://provectumimoveis.com.br/imovel/CA272200
,,Campinas/SP,CA272435,2019-11-18,true,true,-22.92947,-47.0193,Jardim Carlos Lourenço,,casa,,provectumimoveis,1400,2,395000,,https://provectumimoveis.com.br/imovel/CA272435
,36.0,Campinas/SP,CA273162,2019-11-18,true,false,-22.81277,-47.07726,Cidade Universitária,,casa,,provectumimoveis,1400,1,,36.0,https://provectumimoveis.com.br/imovel/CA273162
,36.0,Campinas/SP,CA273646,2019-11-18,true,false,-22.81277,-47.07726,Cidade Universitária,,casa,,provectumimoveis,1400,1,,36.0,https://provectumimoveis.com.br/imovel/CA273646
,36.0,Campinas/SP,CA273650,2019-11-18,true,false,-22.81277,-47.07726,Cidade Universitária,,casa,,provectumimoveis,1400,1,,36.0,https://provectumimoveis.com.br/imovel/CA273650
,113.0,Campinas/SP,CA274377,2019-11-18,true,false,-22.97371,-47.17104,Conjunto Mauro Marcondes,,casa,,provectumimoveis,1400,2,,169.0,https://provectumimoveis.com.br/imovel/CA274377
,140.0,Campinas/SP,CA201273,2019-11-18,true,false,-22.85637,-47.03841,Jardim Santana,,casa,,provectumimoveis,1350,3,,,https://provectumimoveis.com.br/imovel/CA201273
,110.0,Campinas/SP,CA273992,2019-11-18,true,false,-22.91853,-47.09296,Parque Industrial,,casa,,provectumimoveis,1350,3,,250.0,https://provectumimoveis.com.br/imovel/CA273992
,65.0,Campinas/SP,CA193368,2019-11-18,true,false,-22.8823,-47.06775,Jardim Brasil,,casa,,provectumimoveis,1300,1,,,https://provectumimoveis.com.br/imovel/CA193368
,,Campinas/SP,CA199007,2019-11-18,true,false,-22.92263,-47.08734,Parque Industrial,,casa,,provectumimoveis,1300,2,,,https://provectumimoveis.com.br/imovel/CA199007
,100.0,Campinas/SP,CA208875,2019-11-18,true,false,-22.92621,-47.0887,Cidade Jardim,,casa,,provectumimoveis,1300,3,,248.0,https://provectumimoveis.com.br/imovel/CA208875
,,Campinas/SP,CA110935,2019-11-18,true,false,-22.79177,-47.09661,Loteamento Solar Campinas,,casa,,provectumimoveis,1300,2,,,https://provectumimoveis.com.br/imovel/CA110935
,,Campinas/SP,CA000696,2019-11-18,true,false,-22.79177,-47.09661,Loteamento Solar Campinas,,casa,,provectumimoveis,1300,2,,,https://provectumimoveis.com.br/imovel/CA000696
,,Campinas/SP,CA000801,2019-11-18,true,false,-22.79177,-47.09661,Loteamento Solar Campinas,,casa,,provectumimoveis,1300,2,,,https://provectumimoveis.com.br/imovel/CA000801
,50.0,Campinas/SP,CA229433,2019-11-18,true,false,-22.92591,-47.05591,Vila Marieta,,casa,,provectumimoveis,1300,1,,50.0,https://provectumimoveis.com.br/imovel/CA229433
,,Campinas/SP,CA264470,2019-11-18,true,false,-22.96458,-47.11241,Jardim Santa Terezinha,,casa,,provectumimoveis,1300,2,,,https://provectumimoveis.com.br/imovel/CA264470
,130.0,Campinas/SP,CA272285,2019-11-18,true,false,-22.91248,-47.10951,Jardim García,,casa,,provectumimoveis,1300,3,,130.0,https://provectumimoveis.com.br/imovel/CA272285
,212.39,Campinas/SP,CA274254,2019-11-18,true,false,-22.88731,-47.05713,Taquaral,,casa,,provectumimoveis,1300,2,,212.39,https://provectumimoveis.com.br/imovel/CA274254
,,Campinas/SP,CA223627,2019-11-18,true,false,-22.8605,-47.03872,Parque São Quirino,,casa,,provectumimoveis,1250,2,,,https://provectumimoveis.com.br/imovel/CA223627
,80.0,Campinas/SP,CA244504,2019-11-18,true,false,-22.90545,-47.0949,Vila Proost de Souza,,casa,,provectumimoveis,1250,2,,80.0,https://provectumimoveis.com.br/imovel/CA244504
,130.0,Campinas/SP,CA197550,2019-11-18,true,false,,,Vila Lemos,,casa,,provectumimoveis,1200,3,,200.0,https://provectumimoveis.com.br/imovel/CA197550
,90.0,Campinas/SP,CA216328,2019-11-18,true,false,-22.91272,-47.057,Centro,,casa,,provectumimoveis,1200,2,,90.0,https://provectumimoveis.com.br/imovel/CA216328
,,Campinas/SP,CA001323,2019-11-18,true,false,-22.924,-47.05431,Vila Marieta,,casa,,provectumimoveis,1200,2,,,https://provectumimoveis.com.br/imovel/CA001323
,,Campinas/SP,CA226140,2019-11-18,true,false,-22.94553,-47.02774,Jardim São Gabriel,,casa,,provectumimoveis,1200,2,,,https://provectumimoveis.com.br/imovel/CA226140
,70.0,Campinas/SP,CA250462,2019-11-18,true,false,-22.92731,-47.10252,Jardim Novo Campos Elíseos,,casa,,provectumimoveis,1200,2,,,https://provectumimoveis.com.br/imovel/CA250462
,110.0,Campinas/SP,CA251605,2019-11-18,true,true,-22.93729,-47.01153,Jardim Monte Líbano,,casa,,provectumimoveis,1200,2,300000,110.0,https://provectumimoveis.com.br/imovel/CA251605
,66.0,Campinas/SP,CA259692,2019-11-18,true,false,-22.91671,-47.053,Ponte Preta,,casa,,provectumimoveis,1200,2,,148.0,https://provectumimoveis.com.br/imovel/CA259692
,,Campinas/SP,CA263846,2019-11-18,true,false,-22.88999,-46.97634,Loteamento Parque das Hortências (Sousas),,casa,,provectumimoveis,1200,2,,100.0,https://provectumimoveis.com.br/imovel/CA263846
,80.0,Campinas/SP,CA270175,2019-11-18,true,false,-22.89281,-47.12054,Vila Boa Vista,,casa,,provectumimoveis,1200,3,,,https://provectumimoveis.com.br/imovel/CA270175
,109.43,Campinas/SP,CA270729,2019-11-18,true,true,-22.92474,-47.03035,Jardim Santa Eudóxia,,casa,,provectumimoveis,1200,2,340000,250.0,https://provectumimoveis.com.br/imovel/CA270729
,,Campinas/SP,CA272735,2019-11-18,true,true,-22.93313,-47.02114,Jardim São Pedro,,casa,,provectumimoveis,1200,3,380000,,https://provectumimoveis.com.br/imovel/CA272735
,,Campinas/SP,CA272768,2019-11-18,true,false,-22.87487,-47.04261,Jardim Bela Vista,,casa,,provectumimoveis,1200,1,,,https://provectumimoveis.com.br/imovel/CA272768
,,Campinas/SP,CA274342,2019-11-18,true,false,-22.94819,-47.13942,Residencial Cosmos,,casa,,provectumimoveis,1200,2,,,https://provectumimoveis.com.br/imovel/CA274342
,60.0,Campinas/SP,CA238896,2019-11-18,true,false,-22.91156,-47.0505,Bosque,,casa,,provectumimoveis,1150,1,,60.0,https://provectumimoveis.com.br/imovel/CA238896
,,Campinas/SP,CA274150,2019-11-18,true,false,-22.89609,-47.08887,Jardim Chapadão,,casa,,provectumimoveis,1150,2,,60.0,https://provectumimoveis.com.br/imovel/CA274150
,100.0,Campinas/SP,CA273407,2019-11-18,true,false,-22.85439,-47.03742,Jardim Santana,,casa,,provectumimoveis,1120,2,,100.0,https://provectumimoveis.com.br/imovel/CA273407
,,Campinas/SP,CA240286,2019-11-18,true,false,-22.8699,-47.06094,Parque Taquaral,,casa,,provectumimoveis,1100,2,,,https://provectumimoveis.com.br/imovel/CA240286
,120.0,Campinas/SP,CA267276,2019-11-18,true,false,-22.93612,-47.12117,Parque Residencial Vila União,,casa,,provectumimoveis,1100,3,,160.0,https://provectumimoveis.com.br/imovel/CA267276
,37.27,Campinas/SP,CA267590,2019-11-18,true,false,-22.94134,-47.12064,Parque Residencial Vila União,,casa,,provectumimoveis,1100,2,,160.0,https://provectumimoveis.com.br/imovel/CA267590
,180.0,Campinas/SP,CA272625,2019-11-18,true,true,-22.92022,-47.11342,Jardim Londres,,casa,,provectumimoveis,1035,2,220000,,https://provectumimoveis.com.br/imovel/CA272625
,,Campinas/SP,CA234243,2019-11-18,true,false,-22.88378,-47.10859,Jardim Eulina,,casa,,provectumimoveis,1000,2,,,https://provectumimoveis.com.br/imovel/CA234243
,,Campinas/SP,CA243227,2019-11-18,true,false,-22.92645,-47.09804,Jardim Paulicéia,,casa,,provectumimoveis,1000,1,,40.0,https://provectumimoveis.com.br/imovel/CA243227
,135.0,Campinas/SP,CA250555,2019-11-18,true,false,-22.93635,-47.01698,Jardim Maísa,,casa,,provectumimoveis,1000,3,,368.47,https://provectumimoveis.com.br/imovel/CA250555
,80.0,Campinas/SP,CA261633,2019-11-18,true,false,-22.9008,-47.08574,Vila Itália,,casa,,provectumimoveis,1000,2,,80.0,https://provectumimoveis.com.br/imovel/CA261633
,,Campinas/SP,CA268251,2019-11-18,true,false,-22.92319,-47.10986,Jardim Londres,,casa,,provectumimoveis,1000,2,,,https://provectumimoveis.com.br/imovel/CA268251
,100.0,Campinas/SP,CA268947,2019-11-18,true,false,-22.93682,-47.11833,Parque Residencial Vila União,,casa,,provectumimoveis,1000,2,,,https://provectumimoveis.com.br/imovel/CA268947
,70.0,Campinas/SP,CA269938,2019-11-18,true,false,-22.92091,-47.04426,Jardim Proença I,,casa,,provectumimoveis,1000,2,,70.0,https://provectumimoveis.com.br/imovel/CA269938
,,Campinas/SP,CA274169,2019-11-18,true,false,-22.97776,-47.15028,Residencial Cittá Di Firenze,,casa,,provectumimoveis,1000,2,,226.0,https://provectumimoveis.com.br/imovel/CA274169
,53.38,Campinas/SP,CA274229,2019-11-18,true,false,-22.88391,-47.14384,Jardim Regina,,casa,,provectumimoveis,1000,3,,141.22,https://provectumimoveis.com.br/imovel/CA274229
,58.0,Campinas/SP,CA274324,2019-11-18,true,true,-22.93896,-47.02181,Parque dos Cisnes,,casa,,provectumimoveis,1000,2,280000,311.0,https://provectumimoveis.com.br/imovel/CA274324
,113.0,Campinas/SP,CA274392,2019-11-18,true,false,-22.97371,-47.17104,Conjunto Mauro Marcondes,,casa,,provectumimoveis,1000,3,,169.0,https://provectumimoveis.com.br/imovel/CA274392
,90.0,Campinas/SP,CA237611,2019-11-18,true,false,-22.9235,-47.05696,Jardim Leonor,,casa,,provectumimoveis,950,1,,,https://provectumimoveis.com.br/imovel/CA237611
,50.0,Campinas/SP,CA265183,2019-11-18,true,false,-22.9201,-47.05885,Vila João Jorge,,casa,,provectumimoveis,950,2,,,https://provectumimoveis.com.br/imovel/CA265183
,70.0,Campinas/SP,CA272178,2019-11-18,true,false,-22.95255,-47.07705,Jardim Icaraí,,casa,,provectumimoveis,950,2,,,https://provectumimoveis.com.br/imovel/CA272178
,50.0,Campinas/SP,CA273035,2019-11-18,true,false,-22.90746,-47.09768,Jardim Aurélia,,casa,,provectumimoveis,950,1,,100.0,https://provectumimoveis.com.br/imovel/CA273035
,40.0,Campinas/SP,CA273614,2019-11-18,true,false,-22.88503,-47.06323,Jardim Brasil,,casa,,provectumimoveis,950,1,,250.0,https://provectumimoveis.com.br/imovel/CA273614
,60.0,Campinas/SP,CA181861,2019-11-18,true,false,-22.92381,-47.05017,Jardim Paraíso,,casa,,provectumimoveis,900,1,,,https://provectumimoveis.com.br/imovel/CA181861
,39.5,Campinas/SP,CA270180,2019-11-18,true,true,-22.95943,-47.2185,Conjunto Residencial Parque São Bento,,casa,,provectumimoveis,900,2,170000,39.5,https://provectumimoveis.com.br/imovel/CA270180
,70.0,Campinas/SP,CA271386,2019-11-18,true,false,-22.89638,-47.07307,Jardim Novo Botafogo,,casa,,provectumimoveis,900,1,,70.0,https://provectumimoveis.com.br/imovel/CA271386
,56.0,Campinas/SP,CA263241,2019-11-18,true,false,-22.92621,-47.09955,Jardim Campos Elíseos,,casa,,provectumimoveis,880,1,,56.0,https://provectumimoveis.com.br/imovel/CA263241
,,Campinas/SP,CA234242,2019-11-18,true,false,-22.88378,-47.10859,Jardim Eulina,,casa,,provectumimoveis,850,1,,,https://provectumimoveis.com.br/imovel/CA234242
,50.0,Campinas/SP,CA274527,2019-11-18,true,false,-22.94293,-47.054,Jardim Nova Europa,,casa,,provectumimoveis,850,1,,350.0,https://provectumimoveis.com.br/imovel/CA274527
,,Campinas/SP,CA266794,2019-11-18,true,false,-22.9357,-47.04532,Jardim dos Oliveiras,,casa,,provectumimoveis,800,2,,,https://provectumimoveis.com.br/imovel/CA266794
,,Campinas/SP,CA267248,2019-11-18,true,false,-22.96944,-47.14594,Jardim Vista Alegre,,casa,,provectumimoveis,800,2,,470.0,https://provectumimoveis.com.br/imovel/CA267248
,42.0,Campinas/SP,CA271869,2019-11-18,true,false,-22.88251,-47.04686,Jardim Belo Horizonte,,casa,,provectumimoveis,800,1,,70.0,https://provectumimoveis.com.br/imovel/CA271869
,,Campinas/SP,CA272057,2019-11-18,true,false,-22.89613,-47.0998,Jardim Eulina,,casa,,provectumimoveis,800,2,,85.0,https://provectumimoveis.com.br/imovel/CA272057
,,Campinas/SP,CA272733,2019-11-18,true,true,-22.93335,-47.02115,Jardim São Pedro,,casa,,provectumimoveis,800,1,380000,,https://provectumimoveis.com.br/imovel/CA272733
,55.0,Campinas/SP,CA273092,2019-11-18,true,false,-22.9275,-47.1011,Jardim Campos Elíseos,,casa,,provectumimoveis,800,1,,85.0,https://provectumimoveis.com.br/imovel/CA273092
,45.0,Campinas/SP,CA273383,2019-11-18,true,false,-22.91673,-47.03461,Jardim Baronesa,,casa,,provectumimoveis,800,1,,45.0,https://provectumimoveis.com.br/imovel/CA273383
,,Campinas/SP,CA264901,2019-11-18,true,false,-22.92905,-47.04362,Vila Joaquim Inácio,,casa,,provectumimoveis,780,1,,55.0,https://provectumimoveis.com.br/imovel/CA264901
,,Campinas/SP,CA269734,2019-11-18,true,false,-22.92699,-47.08614,Cidade Jardim,,casa,,provectumimoveis,700,1,,45.0,https://provectumimoveis.com.br/imovel/CA269734
,185.25,Campinas/SP,CA007164,2019-11-18,true,false,-22.89056,-47.10705,Jardim Eulina,Cozinha Americana|Living|Sala de Estar|Sala de Jantar|Varanda|portão eletrônico,casa,,rumoimobiliaria,1100,3,,,https://rumoimobiliaria.com.br/imovel/CA007164
,,Campinas/SP,CA007215,2019-11-18,true,false,-22.94841,-47.07857,Jardim do Lago Continuação,Área de Serviço|Sala de Estar|Quintal|horta,casa,,rumoimobiliaria,1100,2,,,https://rumoimobiliaria.com.br/imovel/CA007215
,,Campinas/SP,CA007212,2019-11-18,true,false,-22.95328,-47.07844,Jardim do Lago Continuação,Sala de Estar|Área de Serviço|suite,casa,,rumoimobiliaria,1200,2,,,https://rumoimobiliaria.com.br/imovel/CA007212
,,Campinas/SP,CA007110,2019-11-18,true,false,-22.89516,-47.1441,Parque Santa Bárbara,Armários Embutidos|Cozinha Americana|Edícula|Lavenderia|Mobiliado|Quintal|Sala de Estar|Sala de Jantar|Terraço,casa,,rumoimobiliaria,1300,3,,,https://rumoimobiliaria.com.br/imovel/CA007110
,,Campinas/SP,CA006578,2019-11-18,true,false,-22.92345,-47.03977,Vila Lemos,Churrasqueira|Lavabo|Terraço,casa,,rumoimobiliaria,1400,1,,,https://rumoimobiliaria.com.br/imovel/CA006578
,185.25,Campinas/SP,CA007161,2019-11-18,true,false,-22.89056,-47.10704,Jardim Eulina,Cozinha Americana|Living|Sala de Estar|Sala de Jantar|Varanda|portão eletrônico,casa,,rumoimobiliaria,1650,3,,,https://rumoimobiliaria.com.br/imovel/CA007161
